tripName,Family,Sports,Art,Entertainment,History,Adventure
"Full-day Memphis, Saqqara and Dahshour",0.75,0.05,0.4,0.55,0.95,0.15
El Sawy Culture Wheel,0.25,0.05,0.95,0.95,0.05,0.2
The Aerial Studio  Pole Fitness and Aerial Arts,0.2,0.95,0.75,0.6,0,0.7
Great Sphinx of Giza,0.8,0,0.65,0,1,0.05
Private transfer from-to Luxor Airport within Luxor area,0.8,0,0.2,0.6,0.4,0.4
Baleno,0.85,0,0.1,0.7,0.05,0.4
Blue Shadow Nile Cruise,0.85,0,0.2,0.9,0.3,0.85
"Private Tour To Egyptian Museum, Citadel, Coptic Cairo & Dinner Nile Cruise",0.8,0,0.85,0.6,1,0.3
EL KHEMA,0.8,0,0.7,0.6,0.45,0.3
Genco specialty coffee,0.9,0,0.45,0.75,0.3,0.25
Aswan Philae Temple & Motorboat Tour to Nubian Village,0.7,0,0.6,0.6,0.95,0.5
Salama Color Canyon and Dahab Day Tour Adventure from Sharm,0.2,0.25,0,0.55,0,0.65
Shawish Restaurant,0.6,0,0.3,0.6,0.2,0.3
Spectra Restaurant  Cafe,0.8,0,0.6,0.75,0.4,0.4
Marsa Alam: Sea and Desert Camel Riding Tour,0.4,0.1,0,0.4,0,0.7
Opal club,0.3,0.15,0.35,0.85,0.2,0.3
Cairo Pyramids Quad Bike Adventure & Optional Camel Ride,0.3,0.5,0,0.55,0,0.65
Brazillian Coffee Stores,0.8,0,0.4,0.6,0.35,0.3
Disco cash cairo by Magnum Nights,0.6,0.05,0.35,0.85,0.2,0.25
Star Gazing-ATV Quad Bike-Camel Ride -Dinner With Show From Sharm,0.35,0,0,0.7,0,0.3
Hurghada Star Stargazing Desert Adventure by Jeep & Dinner,0.2,0,0,0.85,0,0.75
Hurghada Desert Quad Bike Camel Ride with Optional GoPro,0.05,0.6,0,0.65,0,0.65
مركز شباب ابشاق,0.7,0.9,0.2,0.8,0.3,0.6
نادي الشمس الرياضي بأسوان,0.9,1,0.4,0.75,0.35,0.65
Ml3bultras,0.2,1,0.15,0.8,0.1,0.6
Youth Bagour Sports,0.2,1,0.35,0.65,0.1,0.8
Customs Club,0.85,1,0.25,0.75,0.2,0.75
Menyet Samanoud Stadium,0.15,1,0.15,0.7,0.15,0.55
Baleno,0.5,0,0,1,0,0
Mansheya Club,0.4,1,0.2,0.7,0.2,0.55
Blue Shadow Nile Cruise,1,0,0,1,0.3,0.2
كفر سندوة,0.4,0.1,0.75,0.7,0.55,0.45
Private transfer from-to Luxor Airport within Luxor area,0.5,0,1,1,1,0
"Private Tour To Egyptian Museum, Citadel, Coptic Cairo & Dinner Nile Cruise",0.6,0,0.6,1,1,0
اكادمية جول لكرة القدم,0.15,1,0.05,0.55,0,0.3
Aswan Philae Temple & Motorboat Tour to Nubian Village,0.5,0,0.7,1,1,0
Al Fashn football stadium,0.2,1,0.1,0.7,0.15,0.4
Ghazl El Mahala Stadium,0.25,1,0.45,0.7,0.5,0.6
إستاد مطاي الرياضي,0.1,1,0.1,0.3,0.25,0.35
Dekerness Club,0.3,1,0,0.65,0,0.2
Seasons Country Club,0.8,0.9,0.2,0.5,0,0.2
The Aerial Studio  Pole Fitness and Aerial Arts,0,0.2,0,0.35,0,0
"Giza Pyramids, Museum of Civilization and Old Cairo, Bazaar",0.4,0,0.85,0.5,1,0.5
Luxor Deluxe Sunrise Hot Air Balloon,0.15,0,0,0.9,0,1
"Hurghada Sunset Quad Bike, Camel w/ Opt Stargazing and BBQ",0.85,0.9,0,1,0.05,1
Star Gazing-ATV Quad Bike-Camel Ride -Dinner With Show From Sharm,0.65,0.2,0,0.85,0,0.8
Luxor Hot Air Balloon over ancient relics,0.15,0.1,0,0.85,0,0.95
Alexandria Bibliotheca,0.8,0,0.7,0.6,1,0
Mahgoub Ceramic Giza,0,0,0,0.25,0,0
كورنيش بنها الفلل,0,0,0,0,0,0
"Hurghada : Desert Quad, Bedouin Village, and Camel Ride Tour",0.1,0.5,0,0.5,0,0.6
"Hurghada Sea & Desert Horse Tour, Stargazing, Dinner & Show",0,0.75,0,0.35,0,0.9
"Tour to Museum, Citadel, Old Cairo Quad Bike and Sound & Light Show",0,0.5,0,0.85,0,0.7
كورنيش بنها الفلل,0,0,0,0,0,0
Cairo Private Photo Session with a Local Photographer,0,0,0.05,0.4,0,0
Hurghada Luxury VIP Hammam & Spa with Transfer & Drink,0,0,0,0.1,0,0.05
Cairo Local Market Guided Tour with Tuk-tuk Ride & Lunch,0,0,0,0.05,0,0
6 Hours Quad Biking Trip from Three Pools snorkeling site,0,0.5,0,1,0,1
Quad Bike Trip to Wadi Gunai from Dahab,0.25,0.7,0,0.9,0,0.95
"Desert Safari - Baharia Oasis, White desert, and Black desert Tour",0,0,0.9,0.7,0.9,0.95
Super Desert Safar,0.25,0,0,1,0,1
"4 Days Safari Camping Bahariya Oasis, Black and White Desert",0.6,0,0,0.9,0,0.9
"El Fayoum, Wadi El-Hitan & Wadi El-Rayan Day Trip from Cairo",0,0,0.85,1,0,0.45
Maadi Yacht Club,0.45,0,0,0.7,0,0.85
قاعة حورس VIP,0,0,0,0,0,0
المركز الدولي للصيد والغطس,0,0.2,0,0.05,0,0.05
سقارة كانترى كلوب Sakkara country club,0.7,0.1,0,0.25,0,0.2
Teachers Club,0,0,0,0,0,0
Alexandria Shooting Club,0,0.8,0,0.9,0,0.95
Egyptian Shooting Club  Katameya,0.85,0.85,0,1,0,0.7
Hurghada Catamaran Sailing to Dolphin House with Snorkeling,0.95,0,0,1,0,1
Cairo Night club,0.25,0,0,0.8,0,0.3
"Full Day Hula Hula Island Sea trip, Water Sports, Lunch- Hurghada",1,0.6,0,1,0,0.5
بن الصالح,0,0,0,0,0,0
كوره كافيه Koracafe,0.55,0.3,0,0.25,0,0
Walkers,0.8,0,0,0.3,0,0
Nile cruise 3 nights -4 days Aswan to Luxor,0.8,0,0.45,0.7,0,0.75
"Boat Party With Dinner, Show and Belly dancer In Sharm el Sheikh",0,0,0,0.8,0,0
9 Days Egypt itinerary Cairo Nile Cruise Red Sea,0.3,0,0,0.9,0,0.9
Day Tour to Old Cairo visit Ben Ezra Synagogue,0.55,0,0,0.55,0.9,0.35
Light & Sound Show at Abu Simbel Temple,0.7,0,0,0.5,0.9,0
Helicopter Tour to Explore Cairo and Giza Skyline Experience,0.5,0,0,1,0,1
cheap trip : Tour to Abu Simbel Temple,0.65,0,0.5,0.8,1,0.5
2-Day Ancient Egypt Tour with Pyramids and Museums,0.6,0,0.4,0.75,1,1
Day Tour To Dahshur Pyramids Memphis & Sakkara,0,0,0,0.4,0.9,0.45
Abu Simble Day Tour From Cairo,0,0,0,0.4,0.9,0.5
بن موكا,0.15,0,0,0.6,0,0
Nobles Art Gallery,0.25,0,1,0.6,0.5,0.2
Monument to the Unknown Soldier,0,0,0.5,0.4,0.95,0
9 Days Egypt itinerary Cairo Nile Cruise Red Sea,1,0,0.5,1,0.8,0.6
"Full Body Massage One Hour with Jacuzzi, Sauna, Transfer-Hurghada",0.5,0,0,0.3,0,0
Snorkeling Day Trip in Hurghada,0.5,1,0,1,0,1
Amazing Luxor East and West Bank Guided Tour with Lunch From Luxor Airport/Hotel,1,0,0.8,0.5,1,0.45
Sound and light show with Dinner with Pyramids view Roof Top Restaurant,1,0,0.55,0.85,0.8,0
"Private Coptic Cairo Cave , Hanging Church ST Simon monastery",0.65,0,0.85,0.4,0.75,0.1
Alexandria Horse Carriage Tour,0.55,0.1,0,0.75,0.4,0.4
Amazing Nile Cruise 7 Nights From Luxor to Aswan and Back To luxor Again,0.75,0.3,0.5,0.8,0.95,0.8
"Private Tour to Giza Pyramids, Camel Ride, ATV Quad Bike & Shopping Tour",0.6,0.5,0.05,0.85,0.85,0.65
Ras Mohammed National Park Half Day Tour by Bus From Sharm,0.85,0,0.25,0.75,0.8,0.25
"Luxor: 4-Night Nile cruise , Hot Air balloon , west bank , abu simbel",0.9,0,0.25,0.95,1,0.3
pyramids and muesem with an Egyptologist in 8 hours,0.95,0.25,0.4,0.9,1,1
المركز الدولي للصيد والغطس,0,0.7,0,0.3,0,0.1
Yacht Club of Egypt,0.2,0,0,1,0,0.6
Maadi Yacht Club,0.5,0,0,1,0,0.3
Hurghada Marina,1,0,0,0.5,0,0
Nubia yacht,0.5,0,0,1,0,0.2
قاعة حورس VIP,1,0,0,0.5,0,0
Giza Pyramids Ticket office,0.9,0,0,0.9,1,0
Cairo Egyptian Museum Entry Tickets with Pickup & Drop-off,0.8,0,0,0.8,1,0
"Hurghada Makadi Water World Ticket, Lunch, & Hotel Transfer",0.8,0,0,0.8,0,0
PYRAMIDS OF GIZA & SPHINX,0.7,0,0,0.6,1,0.4
Hurghada Dolphin World Private Swimming with Pickup,0.7,0,0,1,0,0.5
AL Ittihadiya Palace,0,0,0.7,0,0,0
Kom ElNadura,0,0,0,0,1,0
Mummification Museum,0,0,0,0,1,0
Nubian Museum,0,0,0,0,1,0
Alexandria National Museum,0,0,0,0,1,0
Giza Necropolis,0,0,0,0,1,0
Monument to the Unknown Soldier,0,0,0,0,1,0
Kobet afendina,0,0,0,0,1,0
Fatimid Cemetery,0,0,0,0,1,0
Luxor Museum,0,0,0,0,1,0
GrecoRoman Museum,0,0,0,0,1,0
Luxor Temple,0,0,0,0,1,0
Drinkies  درينكيز,0,0,0,0.55,0,0
Bombamaymuna بومبا وميمونة,0.7,0,0,0.25,0,0
خير زمان  مدكور,0.4,0,0,0,0,0
On The Run  النزهه,0.5,0,0,0.3,0,0
White Store,0.5,0,0,0,0,0
LC Waikiki Stores Dokki,0.45,0,0,0.2,0,0
Arafa  عرفة,0.45,0,0,0.1,0,0
Darwish Cotton Store in Aswan,0.45,0,0,0,0,0
Lc Waikiki,0.45,0,0,0.05,0,0
Cottonil Aswan,0.45,0,0,0,0,0
Twins Store,0.35,0,0,0,0,0
Brand House,0.4,0,0,0,0,0
2-Hour Full-Day Private Tour in Giza Pyramids in Desert,0.8,0.4,0.15,0.95,0.95,0.7
Unfinished Obelisk,0.75,0.15,0.6,0.6,0.9,0.75
Zeinab Khatoon,0.6,0,0.7,0.6,0.9,0.55
Valley Temple of Khafre,0.8,0,0.55,0.65,1,0.6
Saad Zaghloul Statue,0.75,0,0.65,0.7,0.95,0.3
Ramesseum,0.65,0,0.8,0.6,1,0.5
ممشى ديليسبس,1,0.3,0.4,0.7,0.75,0.35
Pyramids of Queens,0.9,0,0.8,0.8,1,0.35
Pyramid of Khafre,0.8,0.1,0.8,0.7,1,0.5
Elephantine Island Pyramid,0.6,0.05,0.6,0.6,1,0.4
Bab alFutuh,0.7,0,0.8,0.5,1,0.5
Tempio di Khnum,0.5,0,0.4,0.6,1,0.6
Habib Pasha ElSakakini Palace,0.7,0,0.8,0.7,1,0.5
Cairo: Egyptian Museum 4-Hour Private Tour with Transfer,0.45,0.45,0.5,0.5,0.5,0.55
Luxor Day tour from Cairo by Flight,0.5,0,0,0.75,1,0.5
Premium Luxor Guided Tour from Hurghada and Hot Air Balloon Experience,0.5,0.4,0,1,0.5,1
Sky Diving Over Egypt Timeless Wonders,0,0.75,0,0.2,0,1
Alexandria Archeology and Architecture Shore Excursion,0.3,0,0.15,0.35,0.6,0.3
Aswan Philae Temple & Motorboat Tour to Nubian Village,0.65,0.1,0.2,0.25,0.25,0.55
Private transfer from-to Luxor Airport within Luxor area,0,0,1,0.7,1,0.5
Hurghada Cairo and Giza Highlights Full-Day Tour,0.7,0,0.15,0.5,0,0.45
Baleno,0.5,0,0,0.5,0.5,0
Alexandria El Alamein Day Tour,0.6,0,0,0.6,0,0.5
Blue Shadow Nile Cruise,0,0.15,0.3,0.75,0,0.75
Cairo Ancient Egypt City Highlights Day Trip with Lunch,0.5,0,0.2,0.6,0.6,0.5
"Private Tour To Egyptian Museum, Citadel, Coptic Cairo & Dinner Nile Cruise",0.75,0,0.75,0.3,1,0.2
"Hurghada Safari Jeep, Quad, Buggy, Camel Ride & BBQ Dinner",0.4,0.1,0,0.6,0,0.7
Cairo International Stadium,0,1,0,1,0,0
EL KHEMA,0,0,0.3,0.5,0,0.5
Hurghada Luxor Private Day Trip with Temple Tickets,0.5,0,0,0.35,0.4,0.45
"Cairo Pyramids of Giza, Sphinx, Saqqara & Memphis Tour",0.5,0,0.1,0.25,0.8,0.5
"Cairo Giza Pyramids, Memphis, and Sakkara Day Trip",0.2,0,0,0.25,0.7,0.6
Cairo Giza Pyramids & Museum of Egyptian Civilization Tour,0.6,0,0.35,0.5,0.7,0.7
Cairo Alexandria Private Full-Day Discovery Tour,0.6,0,0.3,0.5,0.15,0.65
Cairo Great Pyramids of Giza and Egyptian Museum Tour,0.45,0,0.2,0.6,0.4,0.55
محميه وادى دجلة,0.25,0.35,0.2,0.8,0.35,0.75
Paradise Island Hurghada,0.7,0.3,0.2,0.85,0.2,0.45
Cairo Nile dinner cruise and Show,1,0,0,0.15,0,0
"Horse Ride, Egyptian Show & Dinner - Sharm El Sheikh",0.6,0.4,0,0.55,0,0.25
Camel riding and Bedouin dinner and Stargazer from Sharm el Sheikh,1,0,0,0.3,0,0.3
Nile Dinner Cruise and Khan El Khalili Market,1,0,0,0.2,0.55,0
Shooting Club Portsaid,0,1,0,1,0,1
Egyptian Shooting Club  Katameya,0,1,0,1,0,0
Greek club,1,1,0,1,0,0
نادي رمسيس الرياضي,0,1,0,1,0,0
KIMA club Russian club,0,1,0,1,0,0
Alexandria Shooting Club,0,1,0,1,0,1
East Police Officers Club in Sohag,1,1,0,1,0,0
The Clubhouse Uptown Cairo Emaar,0,1,0,1,0,0
Teachers Club,1,1,0,1,0,0
SPORTING CASTLE CLUB,1,1,0,0,0,0
سقارة كانترى كلوب Sakkara country club,0,1,0,1,0,0
المركز الدولي للصيد والغطس,0,1,0,1,0,0
Nile cruise on the Nile with dinner,1,0,0,1,0,0
Hurghada Catamaran Sailing to Dolphin House with Snorkeling,1,0,0,1,0,0.75
Private Egyptian Food Cooking Class in Giza,1,0,0,1,0,0
Post Office  Port Said 1,0.95,0,0,0,0,0.1
زجاج سيارات د جريش فرع الاقصر dr greiche automotive glass luxor branch,1,0,0,0,0,0
رشيد,0,0,0,1,0,0
Darwish Cotton Store in Aswan,1,0,0,0,0,0
BeNeshty,1,0,0,0,0,0.35
Brand House,1,0,0,0,0,0
El Dammah Theatre مسرح الضمة,0.45,0,0.15,0.5,0,0.35
NAS Trends  City Stars Mall,0,0,0,1,0,0
Rai Club Nile Dragon Boat,0,0,0.15,0.6,0,0.75
Akay Garments,1,0,0,0,0,0
Egyptian Center for Culture and Arts  Makan,0.35,0,0,0.35,0,0
مسرح النافورة دار الاوبرا المصرية,0.65,0,0,0.45,0,0.3
White Store,0,0,0,1,0,0
Kato Dool Nubian House,0,0,0.35,0.7,0.3,0.6
Jaz Casa Del Mar Beach,0.8,0,0,0.75,0,0.75
Or,0,0,0,1,0,0
Hilton Alexandria Green Plaza,0.65,0,0.1,0.7,0,0.55
شركة الصغير القبلية لتجارة الجملة و القطاعي,1,0,0,0,0,0
Evan Resort  Hotel,0.7,0,0.2,0.65,0,0.5
Riv,1,0,0,0,0,0
Almasa Capital,0.4,0,0.55,0.35,0,0.6
Grand Palace,0.6,0,0,0.35,0.5,0.2
Blue Beach Club,0.8,0,0,0.5,0,0.65
Meraki Resort Adults Only,0,0,0,0.55,0,0.75
Giza Pyramids Ticket office,0,0,0,0,1,1
Emirates Lounge,1,0,0,1,0,0
Club 707,0,0,0,1,0,0
السلطانة,0,0,0,1,0,0
B2 clublounge,0,0,0,1,0,0
Peacock Club ديسكو بي كوك,0,0,0,1,0,0
ECHO Prive,0,0,0,1,0,0
SPINE Cairo,0,0,0,1,0,0
Spade Lounge,0,0,0,1,0,0
Jacks Club,0,0,0,1,0,0
Private Tour to El-Moez Street and Cairo tower with Dinner,1,0,1,1,1,0.25
Cairo Jazz Club,0,0,0,0.65,0,0.45
King club,0,0,0,0.7,0,0.35
Undergroud Disco,0,0,0,1,0,0
STAGE Cairo club  ديسكو ستيدج,0,0,0,1,0,0
Cairo: Pub Crawl and Speakeasy Bar Tour with 2 Free Drinks,1,0,0,0.6,0,0
Full day Medieval Cairo Private Tour,1,0,0,0,1,0
"Private Trip Egyptian Museum, Old Cairo & Bazaar",1,0,1,0.45,0.95,0.45
Small Group Explore Downtown Cairo Tour,1,0,1,0.85,1,1
Giza Pyramids Tour With Lunch and Felucca Ride on the Nile,1,0,1,1,1,1
ElRegina Club Nile Tower,0,0,0,0.55,0,0
From Hurghada: 2-Day Trip to Cairo by Plane,1,0,0,1,0,1
نادى التجديف,0,0.35,0,0.65,0,0.45
Elements Club  Lounge,0,0,0,0.7,0,0
"Private Tour To Egyptian Museum, Citadel, Coptic Cairo & Dinner Nile Cruise",1,0,0,1,1,1
El Leil,0,0,0,0.85,0,0.3
Africana Club,0,0,0,0.65,0,0
Night club Disco Khalijy and after party,0,0,0,0.95,0,0
Private Egyptian House Dinner,1,0,0,0.9,0,0
Topaz Luxury Club,0,0,0,0.7,0,0
"Cairo Citadel, Old Cairo and Khan El Khalili: Private Tour",1,0,1,1,1,1
Private Fishing Overnight with Equipment and Dinner Hurghada,1,0,0,0.6,0,0.35
Stargazing Desert Jeep Excursion with Dinner in Hurghada,0.7,0,0,0,0,0.45
Cairo at Night River Nile Dinner Cruise on Nile River,0,0,0,0,0,0
"Experience A Magical Night, NAZ Cabaret Show & Dinner - Hurghada",0,0,0,0,0,0
Nile Cruise (AswanÂ toÂ Luxor),1,0,0,0.55,0,0.2
Cairo by Night and Dinner Cruise,1,0,0,0.5,0,0.1
Stunning Private Overnight Fishing with Gear & Dinner - Hurghada,0.75,0.3,0,0.5,0,0.25
Private tour to Sufi dancing and Tanoura Show in Cairo,0.95,0,0,0.75,0,0
An Unforgettable Night With NAZ Cabaret Show & Transfer -Hurghada,0,0,0,0,0,0
Nile Dinner Cruise and Khan El Khalili Market,0,0,0,0,0,0
Cairo Nile dinner cruise and Show,1,0,0,0.35,0,0
"Orange bay Island Parasailing, Snorkeling with Lunch - Hurghada",1,0.8,0,0.35,0,0.65
Morning Desert Safari Trip By Quad Bike from Marsa Alam,0.4,0.4,0.3,0.95,0,0.95
"Abu Dabbab Wonder, Snorkeling with Beautiful Turtles - Hurghada",0.7,0.35,1,1,0.1,1
White Island Catamaran and Snorkeling Cruise,0.35,0.3,1,1,0,1
"Turkish Bath Fascinating Therapy, Sauna, Steam bath With transfer-Sharm Elsheikh",0.25,0,0,0.25,0,0
Hurghada:Catamaran Conquest 2-Hour Semi-Submarine and Snorkeling,0.5,0.35,0.6,1,0.3,1
"7-Days Tour Cairo,Aswan,luxor, and Nile Cruise Camel Ride, with Domestic Flights",0.65,0.25,1,1,0.85,0.6
Sunset Super Moto Safari with Dinner & Show in Marsa Alam,0.2,0.4,0.2,1,0,0.85
Magawish Island Snorkeling Adventure with Lunch - Hurghada,0.75,0,0.35,1,0.25,0.75
Thrilling Panorama Semi-Submarine & snorkeling - Hurghada,0.25,0.2,0.5,1,0,1
Amazing Parasailing Trip in Hurghada Including Transfers,0.6,0.5,0.25,1,0,1
Private Sound and Light Show and Luxor City Tour by Carriage (3 * 1),1,0.05,1,0.75,1,0.45
1 Hour Guided Horse Riding Activity in Sharm El Sheikh,0.2,0.6,0.5,0.85,0.1,1
"Cairo: Private Pyramids, Museum & Bazaar Tour with Options",0,0,0,0,0,0
Religious Sights Private Full-Day Tour with Lunch,0,0,0,0,0.95,0
Xo Club Nightclub Cairo,0,0,0,0.75,0,0
King club,0,0,0,0.75,0,0
B2 clublounge,0,0,0,0.8,0,0
Night life,0,0,0,0.8,0,0
STAGE Cairo club  ديسكو ستيدج,0,0,0,0.75,0,0
Topaz Luxury Club,0,0,0,0.7,0,0
ElRegina Club Nile Tower,0,0,0,0.8,0,0
El Leil,0,0,0,0.8,0,0
El Sawy Culture Wheel,0.7,0.05,1,0.7,0.25,0.1
Coptic Orthodox Center المركز الثقافي القبطي الأرثوذكسي,0.65,0.05,0.9,0.4,0.9,0.05
Ramsis Square,0.75,0.05,0.3,0.2,0.5,0.15
Ahmed Orabi Museum,0.7,0,0.85,0.5,1,0
Taha Hussein Museum,0.75,0,0.65,0.5,0.75,0.5
Mostafa Kamel Museum,0.8,0.05,0.55,0.2,1,0.05
Pharaonic Papyrus Museum,0.8,0.05,1,0.05,1,0.05
Manasterly Bridge,0.75,0.1,0.2,0.2,0.65,0.1
Mahmoud Mukhtar Museum,0.55,0,0.65,0.55,0.7,0
Rashid National Museum,0.8,0.1,0.8,0.2,1,0.1
Rashid National Museum,0.55,0,0.85,0.5,0.7,0
Hurghada Red Sea & Desert Horse Riding Tour with Swimming,0.5,0.6,0,1,0,0.3
Hurghada Makadi Bay ATV Tour,1,0.4,0,1,0,0
Grand Egyptian Museum GEM,0.8,0,0.8,0.3,1,0.15
"jeep safari adventure with camel ride , dinner and show",1,0,0,1,0,0.5
Sunrise Safari by ATV Quad Bike and Transfer - Sharm El Sheikh,1,0.2,0.5,1,0,0.8
Egyptian Air Force Museum متحف القوات الجوية,0.8,0,0,0.2,1,0.1
Madrasa And Dome Of Sultan AlNassir Mohammed Ibn Qalawun,0.4,0,0.4,0.45,0.55,0
Egyptian Air Force Museum متحف القوات الجوية,0.4,0,0.15,0.3,0.5,0
Animalia,0.8,0.6,0,0.9,0,1
"Half Day Tour: El Moez Street, Al Azhar Park and Bazar",0.65,0,0.7,0.4,0.75,0
Museum of Modern Art in Port Said,0.4,0,0.85,0.4,0.7,0
The Agricultural Museum,0.8,0,0.1,0.35,0.65,0.1
Hurghada Antiquity Museum Entrance Ticket,0.75,0,0.5,0.45,0.45,0
Red Sea Aquarium,1,0,0,1,0,0
Museum of Islamic Art in Cairo,0.8,0,1,0.25,1,0
Full-day Makadi water world experience,0.4,0.25,0.05,1,0.05,1
Private transfer from-to Luxor Airport within Luxor area,0,0,0,0,0,0
Baleno,0,0,0,0,0,0
Blue Shadow Nile Cruise,0,0,0,0,0,0
Alexandria Aquarium,1,0,0,1,0,0
مسجد مالك الملك بالمقطم,0.2,0,0.15,0.15,0.4,0
Hurghada Grand Aquarium,1,0,0,1,0,1
ElKobba Palace,0.3,0,0.55,0.2,0.65,0
مقام سيدي عبد الوهاب العفيفي,0.15,0,0,0.1,0.75,0
"4 Days Safari Camping Bahariya Oasis, Black and White Desert",1,0,0,1,0,1
Salama Color Canyon and Dahab Day Tour Adventure from Sharm,0.85,0,0,1,0,0.8
Carter House,0.15,0,0,0.3,0.35,0
Bedouin Safari and Star Gazing Tour from Sharm El Sheikh,1,0,0,1,0,1
كوره كافيه Koracafe,0.9,0,0,0.9,0,0
Drinkies  درينكيز,0,0,0,0.25,0,0
بن الصالح,0.95,0,0,0.9,0,0
Horse Riding & ATV Quad Bike Safari Adventure - Sharm El Sheikh,0.4,0.3,0,1,0,1
6 Hours Quad Biking Trip from Three Pools snorkeling site,1,0,0,1,0,1
Lavazza Caf,0.95,0,0,0.95,0,0
Mahgoub Ceramic Giza,0,0,0,0,0,0
واحة الرامى,1,0,0,0.95,0,0
Ahimsa Egypt,0,0,0.35,0.35,0,0
Sinbad cafe,0.9,0,0,0.9,0,0
Parasailing Adventure in Sharm el Sheikh,0.6,0.5,0,1,0,1
Mummification Museum,0,0,0,0,1,0
Cairo Buffet Dinner Cruise with Folkloric Show,0.2,0,0,0.55,0,0.15
Tea Garden,0.9,0,0,0.95,0,0
Sharm El Sheikh: Guided City Sightseeing Tour,0.15,0,0,0.6,0,0.35
Luxor Morning Hot Air Balloon Ride,1,0,0,1,0,1
Hurghada Turkish Bath and Full Body Massage with Transport,0,0,0,0.4,0,0
Cairo Camel or Horse Ride Tour Around Giza Pyramids,0.5,1,0,1,1,0.3
Cairo Sound and light show with Dinner with Pyramids view,0.35,0,0.45,0.4,0,0
El Gouna: Hurghada Turkish Bath and Massage,0,0,0,0.6,0,0
Hurghada Hammam Spa & Massage Experience with Transfers,0,0,0,0.45,0,0
Sharm El Sheikh: Relaxation Hammam Spa with Massage,0,0,0,0.6,0,0
"Discover the Best of Sharm : Quad, Camel, Buggy, Dinner and Shows",0.7,0,0,1,0,1
Hurghada Cleopatra Spa and Massage,0,0,0,0.5,0,0
Sharm El-Sheikh: Cafe & restaurant Included Shisha & drink,0.2,0,0,0.6,0,0
Crepiano,0,0,0,0,0,0
camel ride with sunset and star watching,0.7,0,0.2,1,0,0.2
Rai Club Nile Dragon Boat,0,0,0.3,0.8,0,0
مسرح النافورة دار الاوبرا المصرية,0.25,0,0.8,0.75,0,0
Ehab Barbers Shop,0,0,0,0,0,0
HB salon,0,0,0,0,0,0
Enjoy Sailing Nile Cruise From Aswan To Luxor For 2 nights With Luxor Tours,0.1,0,0.2,1,0.65,1
Camping in the White & Black Deserts (Bahariya Oasis) & Cairo Private transfer,0,0,0.4,0.8,0,1
GP Sports Complex,0.8,0.8,0.15,0.85,0.15,0.7
International Terminal in Port Said,0,0.85,0.3,0.5,0.95,0.7
El Dammah Theatre مسرح الضمة,0,0,0.5,0.5,0,0
نادي بلازا,0.9,0,0,0.45,0.35,0
Egyptian Center for Culture and Arts  Makan,0,0,0.65,0.6,0.85,0
The Cave Church,1,0,0,0,1,0
Port Said Stadium Youth Center,0.2,0.85,0.8,0.65,0,0.05
مسجد الشامي,1,0,0,0,1,0
6 Hours Quad Biking Trip from Three Pools snorkeling site,0,0.6,0,0.75,0,1
Sulayman Agha alSilahdar Mosque,1,0,0,0,1,0
Sultan AlAshraf Qaytbay Mosque and Mausoleum,1,0,0,0,1,0
El Nour Mosque,1,0,0,0,1,0
Manar AIslam Mosque,1,0,0,0,1,0
Hurghada Sporting Club,0.45,0.75,0.15,0.8,0.8,0.7
Quad Bike Trip to Wadi Gunai from Dahab,0,0.25,0,0.8,0.2,1
Alexandria Naval Unknown Soldier Memorial,1,0,0,0,1,0
Alexandria Bibliotheca,1,0,0,0,1,0
Monument to the Unknown Soldier,1,0,0,0,1,0
Great Sphinx of Giza,1,0,0,0,1,0
Fatimid Cemetery,1,0,0,0,1,0
Kobet afendina,1,0,0,0,1,0
Youth Center Village Eateries,0,0.95,0,0.8,0.85,0.35
"Desert Safari - Baharia Oasis, White desert, and Black desert Tour",0,0,0.4,0.75,0,1
Smouha Sporting Club,0.85,0.7,0.45,0.55,0,0
Super Desert Safar,0,0,0,0.75,0.1,1
"4 Days Safari Camping Bahariya Oasis, Black and White Desert",0,0,0,0.85,0,0.9
Smash Sporting Club,0.3,0.75,0,0.45,0,0
"El Fayoum, Wadi El-Hitan & Wadi El-Rayan Day Trip from Cairo",0.45,0,0.1,0.35,0.55,0.8
مركز شباب ابيس العاشرة,0,0.95,0,0.95,0,0
Shooting Club Dokki,0.4,0.55,0.65,0.45,0,0
Sports arena beach,0,0.85,0,0,0,0.75
Indoor hall for sports,0,0.5,0,0.55,0,0
Alexandria Universitys Stadium,0,1,0,0.9,0,0.45
Aswan Stadium,0.15,1,0,0.65,0,0.7
Al Masry Club Stadium,0,1,0,1,0,0
Cairo International Stadium,0,1,0,1,0,0
Sand buggy afternoon experience in the Sahara of Hurghada,0,0.85,0,0.8,0,0.95
Sohag Stadium,0,0.95,0,0.4,0.15,0
استاد المنزلة لكرة القدم,0,0,0,0,0,0
Overnight Tour to Cairo's Highlights from Hurghada,0.45,0,0.65,0.7,0.5,0.25
Rabat Club and the lights of ships,0,1,0,0.7,0,0.5
Minyat Al Nasr Sports Stadium,0,0.9,0,0.85,0,0.3
Ras Mohamed pirates adventure from Sharm El Sheikh,0.2,0.35,0,0.75,0,0.65
Zagazig University Stadium,0,0.9,0,0.5,0,0
Alexandria Stadium,0,0.7,0,0.45,0,0
Morning Sand Buggy Experience Plus Bedouin Tea Tasting in Sharm Desert,0,0.4,0,0.75,0,0.75
GP Sports Complex,0,0.95,0,0.85,0,0
Indoor hall for sports,0,0.55,0,0.7,0,0
Naqb National Park in a 4x4 with camel ride and dinner,0.75,0.25,0,0.75,0.4,0.95
Quad Safari and Buggy Tour plus Water Sports from Sharm El Sheikh,0.25,0.7,0,0.85,0,0.75
Golfing at Madinat Makadi Golf Resort Hurghada (In-house guests),0,0.95,0,0.6,0,0
Red Sea diving experiences in Hurghada with transfer,0,0.8,0,0.85,0,1
Glass-bottom boat tour from Sharm El Sheikh,1,0.1,0,0.85,0,0.85
Private_Full_Day Boat Trip Snorkeling and Island Exploration,0.1,0.7,0.5,0.2,0,0.95
Amazing (4 ) Days with Cruise From Aswan to Luxor Including Tours,0.4,0.3,0.7,0.55,0.8,0.8
Hurghada Tour by Night with the Grand Aquarium and Dinner,0.7,0.5,0,0.85,0,0.3
Evening Sharm El-Sheikh walking tour with dinner,0.9,0,0,0.45,0,0
Quseir,0.35,0,0,0.45,0,0.45
"Nile Cruise 5-Days Luxor, Aswan,Tours,Abu Simbel,Hot Air Balloon by Flight",0.3,0.3,0.7,0.6,0.75,0.6
Morning Desert Safari Trip By Quad Bike from Marsa Alam,0.35,0.55,0,0.4,0,0.8
"Abu Dabbab Wonder, Snorkeling with Beautiful Turtles - Hurghada",0.2,0.75,0,0.85,0,1
"Turkish Bath Fascinating Therapy, Sauna, Steam bath With transfer-Sharm Elsheikh",0,0,0,0.8,0,0
Private Budget 3 days with 2 Evenings including Free airport transfers,0.2,0.35,0.1,0.35,0,0.35
Hurghada:Catamaran Conquest 2-Hour Semi-Submarine and Snorkeling,0.1,0.85,0,0.75,0,1
"7-Days Tour Cairo,Aswan,luxor, and Nile Cruise Camel Ride, with Domestic Flights",0.4,0,0,0.85,0.7,1
White Island Catamaran and Snorkeling Cruise,0.1,0.9,0,0.65,0,1
Sunset Super Moto Safari with Dinner & Show in Marsa Alam,0.8,0,0.4,0.75,0.5,1
Magawish Island Snorkeling Adventure with Lunch - Hurghada,0.15,0.75,0.15,0.9,0,0.9
Thrilling Panorama Semi-Submarine & snorkeling - Hurghada,0,1,0,0.85,0,1
Amazing Parasailing Trip in Hurghada Including Transfers,0,0.95,0,0.8,0,1
"Parasailing Ride - Sharm El Sheikh, Single or Double, Private Car",0.3,0.75,0.5,0.6,0,1
Overnight Trip to Luxor from Cairo including Flight& highlight tours,0.25,0.15,0.4,0.35,0.8,0.55
1 Hour Guided Horse Riding Activity in Sharm El Sheikh,0.6,0.8,0,0.65,0,0.2
Private Sound and Light Show and Luxor City Tour by Carriage (3 * 1),0.55,0,0.85,0.9,0.9,0.2
"Nile Cruise: Luxor to Aswan, 3 Days 2 Nights",0.35,0.2,0.2,0.05,0,0
"Half Day Tour To Giza Pyramids, Sphinx Include Camel Ride & Lunch",0.2,0.15,0.15,0.1,0.5,0.2
Private boat snorkelling from hurghada,0.4,0.6,0.2,0.3,0,0.6
Ancient Wonders: Half-Day Luxor & Karnak Temple Tour,0.4,0.15,0.7,0.35,0.8,0.4
Swimming With Turtles at Marsa Mubarak from Marsa Alam,0.5,0.7,0.5,0.75,0,0.75
Private_Full_Day Boat Trip Snorkeling and Island Exploration,0.35,0.25,0,0.95,0,0.95
Amazing (4 ) Days with Cruise From Aswan to Luxor Including Tours,0.55,0,0.25,0.7,0.9,0.7
مركز شباب كوم حمادة,0.05,0.9,0.05,0.9,0,0.1
"Nile Cruise 5-Days Luxor, Aswan,Tours,Abu Simbel,Hot Air Balloon by Flight",0.65,0,0,0.9,0.2,0.6
Marsa Mubarak Snorkeling with Turtles and Dugong from Hurghada,0.5,0.7,0.3,0.45,0,0.7
Private Budget 3 days with 2 Evenings including Free airport transfers,0.7,0,0.65,0.55,0.9,0.6
Overnight Trip to Luxor from Cairo including Flight& highlight tours,0.55,0,0.7,0.7,0.95,0.55
"Parasailing Ride - Sharm El Sheikh, Single or Double, Private Car",0.25,0.75,0,0.95,0,1
"Nile Cruise: Luxor to Aswan, 3 Days 2 Nights",0.8,0,0,0.6,0,0.65
"Half Day Tour To Giza Pyramids, Sphinx Include Camel Ride & Lunch",0.7,0,0.85,0.7,1,0.75
Ancient Wonders: Half-Day Luxor & Karnak Temple Tour,0.75,0,0.9,0.65,1,0.55
Private boat snorkelling from hurghada,0.25,0.75,0,0.8,0,0.9
Marsa Mubarak Snorkeling with Turtles and Dugong from Hurghada,0.2,0.8,0,0.85,0,0.9
Swimming With Turtles at Marsa Mubarak from Marsa Alam,0.25,0.85,0,0.85,0,0.85
Jaz Casa Del Mar Beach,0.4,0,0,1,0,0
Kato Dool Nubian House,0.4,0,0,1,0,0
Hilton Alexandria Green Plaza,0.6,0,0,0.85,0,0
Evan Resort  Hotel,0.6,0,0,0.85,0,0
Almasa Capital,0.5,0,0,0.85,0,0
Grand Palace,0.5,0,0,0.7,0,0
Il Campo,0.45,0,0,0.9,0,0.45
New Eagles Aqua Park Resort,0.45,0,0,0.85,0,0.4
مسرح النافورة دار الاوبرا المصرية,0.4,0,0,0.85,0,0.05
Egyptian Center for Culture and Arts  Makan,0.4,0,0.4,0.9,0,0.1
Rai Club Nile Dragon Boat,0.35,0,0,0.95,0,0.45
El Dammah Theatre مسرح الضمة,0.3,0,0.15,0.65,0,0.05
Tahrir Square Obelisk مسلة ميدان التحرير,0.2,0,0.55,0.75,0.8,0
Syrian Art,0.2,0,0.65,0.1,0.4,0
"10 Day Egypt Explorer Cairo, Alexandria, Nile Cruise & Hurghada",0,0,0,1,0,1
Flight Trip To Abu Simbel From Cairo,0,0,0,1,0,1
Private 2 Days Trip to Cairo and Alexandra from Luxor by flight,0,0,0,1,0,0.85
Private Tour: 7 Nights Pyramids & Nile Cruise +Flights from Cairo,0,0,0,1,0.4,1
"Luxurious Tour to Giza Pyramids, Khafre's Valley Temple & Sphinx",0,0,0,1,0.3,0.85
"Private Day from Cairo to Luxor by plane with hotel,balloon,west,east and l...",0,0,0,1,0,1
"Amazing 6 Days Nile Cruise luxor,Aswan,abu simbel with Train Tickets from C...",0,0,0,1,0.35,1
From Cairo: 5-Day Egypt Highlights Private Tour with Flights,0,0,0,1,0,1
Premium Luxor Guided Tour from Hurghada and Hot Air Balloon Experience,0,0,0,1,0,1
8 Day Tour in Nile Cruise Luxor and Aswan,0,0,0,1,0,1
"10 Day Egypt Explorer Cairo, Alexandria, Nile Cruise & Hurghada",0,0,0,1,0,1
Flight Trip To Abu Simbel From Cairo,0,0,0,1,0.25,1
Cairo Tour from Marsa Alam by Flight -  Private Tour,0,0,0,1,0,1
"Egypt: Private 5-Day Tour, Nile Cruise, Flights, Balloon",0,0,0,1,0,1
Bombamaymuna بومبا وميمونة,1,0,0,0,0,0
خير زمان  مدكور,0.4,0,0,0,0,0
LC Waikiki Stores Dokki,0.55,0,0,0.25,0,0
Hurghada Antiquity Museum Entrance Ticket,0.85,0.35,0.45,0.9,0.3,0.85
Salouga and Ghazal Nature Reseve,0.6,0.1,0.6,0.5,0.6,0.8
Snorkeling cruise with lunch and drinks from Dahab,0.8,0.8,0.2,0.8,0.1,0.75
Cairo day trip from Hurghada with an Egyptologist and flights,0.8,0.2,0.5,0.6,1,0.75
Overnight Experience of Siwa Oasis with the Salt Lakes from Cairo,0.6,0.6,0.4,0.65,0.2,0.7
Sea trip and submarine on Liberty Catamaran from Sharm el-Sheikh,0.6,0.2,0.1,0.9,0,0.6
GrecoRoman Museum,0.7,0,0.9,0,1,0.6
Luxor Museum,0.8,0,0.9,0,1,0.5
Luxor Temple,0.75,0,0.8,0,1,0.6
Fatimid Cemetery,0.2,0,0,0,1,0
"Full-Day Memphis, Sakkara, Giza Pyramids and Sphinx Tour from Cairo",0.55,0.15,0.6,0.4,1,0.8
Nubian Museum,0.6,0,0.7,0,1,0.8
Wycieczki Hurghada,0.25,0.25,0.25,1,0.2,1
Alexandria National Museum,0.65,0,0.55,0,0.9,0.2
Giza Necropolis,0.75,0,0.9,0,1,0.6
Monument to the Unknown Soldier,0.5,0,0.4,0,0.7,0.1
Mummification Museum,0.8,0,0.85,0,1,0.5
Kobet afendina,0.7,0,0.8,0,0.8,0.15
Kom el Dikka,0.7,0,0.85,0,1,0.3
Kom ElNadura,0.65,0,0.6,0,0.85,0.15
قاعة حورس VIP,0.75,0,0,0.2,0,0
Barber House صالون حلاقة,0,0,0.05,0,0,0
فتحي الصغير صالون,0,0,0,0,0,0
MohamedRamy Barbershop,0,0,0.05,0,0,0
Homam  barber فرع سموحة,0,0,0,0,0,0
Mohamed azab,0,0,0,0,0,0
Yacht Club of Egypt,0.65,0.1,0,0.3,0,0.3
Hurghada Marina,0.85,0.15,0,0.7,0,0.25
Maadi Yacht Club,0.75,0,0,0.25,0,0.1
المركز الدولي للصيد والغطس,0.2,0.65,0,0.15,0,0.35
بن الصالح,0,0,0,0,0,0
Nubia yacht,0.85,0,0,0.45,0,0.7
Shads Mens Salon,0,0,0,0,0,0
المركز الدولي للصيد والغطس,0.5,1,0,0,0,0
كوره كافيه Koracafe,0,0,0,0.1,0,0
Lavazza Caf,0.4,0,0,0,0,0
MOMO Lounge,0.5,0,0,0.05,0,0
Central Perk Cafe Alexandria,0.75,0,0,0.5,0,0
Walkers,0.55,0,0,0.2,0,0
Freska Cafe,0.55,0,0,0.2,0,0
Vasko,0.5,0,0,0.15,0,0
Benha plaza,0.5,0,0,0.1,0,0
Castello caf  more,0.55,0,0,0.15,0,0
Elmashrabia Roof Cafe,0.45,0,0,0.25,0,0
Maadi Yacht Club,0.85,0,0,0.4,0,0.7
Yacht Club of Egypt,0.8,0,0,0.4,0,0.65
Hurghada Marina,0.8,0,0,0.7,0,0.6
قاعة حورس VIP,0.9,0,0,0.2,0,0
"Hurghada Luxor Tour with Valley of Kings, Karnak & Tut Tomb",0.65,0,0.5,0.6,0.7,1
Nubia yacht,0.8,0,0,0.45,0,0.7
Cairo Alexandria Private Full-Day Discovery Tour,0.6,0,0.35,0.65,0.8,1
"Cairo National Museum, Egyptian Museum & Giza Pyramids Tour",0.7,0,0.7,0.75,1,1
Cairo Guided Day Trip to Africa Safari Park with Lunch,0.8,0,0,0.7,0.45,0.65
Sharm El Sheikh: Mount Sinai & St. Catherine Monastery Tour,0.4,0,0.5,0.75,0.65,1
Alexandria Archeology and Architecture Shore Excursion,0.75,0,0.7,0.6,1,0.9
Cairo Pyramids & Museum Layover Tour with Airport Transfer,0.8,0,0.7,0.7,1,0.9
Bounce Bowling,0.85,0.9,0,1,0,0
Masria Plaza Swimming Pool,0.35,1,0,0.8,0,0
Hooliganseg,1,0,0,0.8,0,0
Papas Bar Hambra,0,0,0,0,0,0
Lucas Pub  Grub,0.9,1,0,0.85,0,0
Air Gym Ladies  Al Haram,0,1,0,0.5,0,0
Heroes Gym,0,1,0,0.6,0,0
Gorilla Gym  غوريلا چيم,0,1,0,0.6,0,0
THE GYM,0,1,0,0.65,0,0
مركز شباب كوم حمادة,0.25,1,0,0.9,0,0.25
Youth Center Ahmed Orabi,0.2,1,0,0.95,0,0.2
Youth Center Dlhans,0.4,0.95,0,0.6,0,0
camel ride with sunset and star watching,0.35,0.7,0.55,0.65,0.65,0.4
Luxor West Bank Hot Air Balloon Ride with Hotel Pickup,0.3,0.2,0.5,0.5,0.6,0.6
Sunrise Safari by ATV Quad Bike and Transfer - Sharm El Sheikh,0,0,0,0,0,0
كوره كافيه Koracafe,0.45,0,0,0,0,0
المركز الدولي للصيد والغطس,0,0.7,0,0,0,0
The Aerial Studio  Pole Fitness and Aerial Arts,0.05,0.6,0,0.1,0.05,0.05
Egyptian Fishing Club in Alexandria,0.35,0.6,0,0.05,0.05,0.4
Snap Fitness,0.15,0.6,0.05,0.05,0.35,0.45
EMS Easy Fit Alexandria,0.1,0.45,0.05,0.4,0.05,0.15
El Mabarra Educational Hospital,0.5,0,0.15,0,0.1,0.05
Balance Gym,0.25,0.6,0.05,0.05,0,0.1
EMS Body Fit Egypt  Masr Al Jadidah Branch,0.05,0.5,0.55,0,0,0
Victory Camp Fitness Club,0.2,0.9,0.1,0.1,0.05,0.4
Olympia,0.4,0.7,0.05,0.2,0.45,0.3
Adrenaline  Fitness Facilities,0.3,0.55,0.05,0.05,0.1,0.05
مركز المساج فندق أركان,0.55,0.35,0,0.55,0,0
STEP GYM  SPA,0.1,0.35,0,0.15,0,0.1
Hurghada Luxury VIP Hammam & Spa with Transfer & Drink,0.1,0.1,0,0.9,0,0.2
Cairo Private Photo Session with a Local Photographer,1,0,0.35,0.75,0,0.5
Cairo Local Market Guided Tour with Tuk-tuk Ride & Lunch,0.9,0,0,0.95,0.8,0.45
Ramses Wissa Wassef Art Center,0.1,0,1,0.7,0,0
Mamluk Jewellery and Bazaar مجوهرات مملوك,0.4,0,1,0,0,0
Egy Craft,0,0,0.8,0.3,0,0
Townhouse Gallery,0,0,1,0.6,0,0
Wekalet El Ghoury,0.5,0,0,0.5,0,0.45
Zamalek Art Gallery,0,0,0.8,0.5,0.2,0.05
Nobles Art Gallery,0,0,0.7,0.3,0,0.1
Selkhet Papyrus,0.4,0,0.8,0.55,0.2,0.2
Lotus Papyrus Luxor,0.3,0,0.95,0.3,0.15,0.2
Alexandria Bibliotheca,0.5,0,0.6,0.75,0.95,0.15
Ramsis Square,0.45,0,0,0,0.85,0
El Nour Mosque,0,0,0.65,0,0.65,0
Manar AIslam Mosque,0.3,0,0.75,0,0.8,0
Abed Mosque,0.4,0,0.5,0,0.6,0
Maryam Mosque,0.15,0,0.65,0,0.3,0
The Red Monastery,0,0,0.7,0.25,0.4,0
Mosque Amuallaoyen,0,0,0.45,0.2,0.8,0
Sacred Heart Church,0.25,0,0.5,0.15,1,0
Youssef El Sahaby Masjed,0.2,0,0.75,0,0.7,0
El Attarine mosque,0,0,0.6,0.15,0.85,0
St Georges church,0.15,0,1,0,1,0
Brazillian Coffee Stores,0,0,0,0,0,0
"From Alexandria Port : National Museum, Citadel & Bazaar",0.8,0,0.15,0,1,0.1
5 Days Trip To Siwa and Bahariya Oasis,0.8,0,0,1,0.05,1
10 Day Tour Egypt glory Cairo pyramids Alexandria and cruise,0.75,0,0,0.7,0.45,0.7
"Cairo Layover Tours Visit Giza Pyramids, Memphis, Sakkara",0.75,0,0,0.6,1,0.7
Cairo: 3-Day Highlight Tours,0.8,0,0,0.4,0.8,0.25
Private Tour Giza Pyramids Sphinx Lunch Camel and Pyramid Inside,0.75,0,0,0.6,1,0.65
Alexandria Guided Historical Sights live Tour guide,0.6,0,0.6,0.7,0.75,0.85
Half Day Tour to Giza Pyramids & 1-Hour Felucca Ride,1,0,1,1,1,0.75
"Cairo Great Pyramids, Egyptian Museum, Bazaar Layover Tour",1,0,1,1,1,0.4
Day tour to Ramses Temple in Abu Simbel,1,0,1,0.8,1,0.45
Visit Cairo From Sharm El Sheikh by flight,0.5,0,0.4,1,0,0.8
East and west banks private day tour included Balloon Ride,0.65,0.2,0.5,0.8,0,0.8
"Morning Trip: Desert Safari Riding a Speed Quad Bike, Pickup",0.35,0.6,0,1,0,0.75
Hurghada Private Car Rental with Driver for 12 Hours,1,0,0,0.35,0,0
"Valley of The Kings, Hatshepsut Temple and Colossi of Memnon",0.4,0,0.45,0.45,0.95,0
Luxor East and West Banks Private Tour with Guide and Lunch,0.85,0,0.5,0.6,0.9,0.4
Best Private Day Trip To Abu Simbel From Aswan,0.7,0,0.7,1,1,1
5 #NAME?,0.45,0.5,0.45,1,0.35,1
Rai Club Nile Dragon Boat,0.5,0,0.15,0.7,0,0.15
مسرح النافورة دار الاوبرا المصرية,0.3,0,1,0.7,0,0.2
El Dammah Theatre مسرح الضمة,0.65,0,1,0.65,0,0.25
Egyptian Center for Culture and Arts  Makan,0.45,0,1,0.7,0.65,0.65
2 Night Sailing Nile Cruise Including Highlights Tours In Luxor From Aswan,1,0,0.6,1,1,0.7
Private_Full_Day Boat Trip Snorkeling and Island Exploration,0.6,0,0,1,0,1
مركز شباب كوم حمادة,0,1,0,0,0,0
Youth Center Ahmed Orabi,0,1,0,0,0,0
Youth Center Dlhans,0,0.85,0.25,0,0,0
Dekerness Club,0,1,0,0.85,0,0
Seasons Country Club,0,0,0,1,0,0
blue,0,0,0,1,0,0
Half-Day Hurghada Stargazing Tour with Pick-Up,0,0,0,0,0,1
3 Hours Quad Bike Safari Adventure in Marsa Alam,0.4,0,0,0,0,1
Private Tour Felucca Sailing in the Nile in Cairo,0.55,0,0,0.7,0.35,1
Private Budget 3 days with 2 Evenings including Free airport transfers,0,0,0,0.35,0.3,0.6
Overnight Trip to Luxor from Cairo including Flight& highlight tours,0.25,0,0,0.7,1,0.6
"Parasailing Ride - Sharm El Sheikh, Single or Double, Private Car",0.3,0.3,0,0.6,0,1
Alexandria Universitys Stadium,0,1,0,0.45,0,0
Aswan Stadium,0,1,0,0,0,0
Rabat Club and the lights of ships,0,1,0,0,0,0
Minyat Al Nasr Sports Stadium,0,1,0,0,0,0
استاد المنزلة لكرة القدم,0,1,0,0,0,0
Alexandria Stadium,0,1,0,0,0,0
Coptic Orthodox Center المركز الثقافي القبطي الأرثوذكسي,0.7,0,0,0,0.3,0
El Sawy Culture Wheel,0.1,0,0.75,0.85,0,0
Cairo: 3-Day Highlight Tours,0.85,0.15,0.15,0.65,0.7,0.3
Private Tour Giza Pyramids Sphinx Lunch Camel and Pyramid Inside,0.7,0,0,0.4,1,0.55
"Cairo Layover Tours Visit Giza Pyramids, Memphis, Sakkara",0.55,0,0,0.5,1,0.7
10 Day Tour Egypt glory Cairo pyramids Alexandria and cruise,0.7,0,0,0.45,0.55,0.85
5 Days Trip To Siwa and Bahariya Oasis,0.6,0.1,0,0.65,0.1,0.8
"Private Tour: Giza Pyramids, Sphinx, Egyptian Museum, Khan el-Khalili Bazaa...",0.6,0,0,0.8,0.95,0.45
Giza Pyramids by Camel Private Guided Tour,0.65,0,0,0.65,1,0.65
"All inclusiveTour to Giza Pyramids,Sphinx,One Hour Quad Bike,30 M Camel Rid...",0.5,0.75,0,0.5,0.65,0.8
Private Full Day Guided Tour of Memphis to Saqqara and Dahshur,0.65,0,0,0.4,0.95,0.45
From Cairo: 2-Day Abu Simbel & Luxor Tour,0.95,0,0,0.55,0.75,0.55
2 Night Sailing Nile Cruise Including Highlights Tours In Luxor From Aswan,1,0.35,0.7,0.5,1,0.7
Private Speed Boat to Watch Dolphins With private transfer,0.5,0.35,0.8,1,0.15,1
Sunset Super Moto Safari with Dinner & Show in Marsa Alam,0.6,0.9,0.4,1,0.4,1
Salouga and Ghazal Nature Reseve,0.9,0,0.25,0.35,0,0
Al Amal Park,0.4,0,0.1,0.25,0,0
Magawish Island Snorkeling Adventure with Lunch - Hurghada,1,0.25,0.65,0.95,0,1
Thrilling Panorama Semi-Submarine & snorkeling - Hurghada,1,0.15,0.4,0.65,0.05,0.95
Shepherd Castle  AVA SAFARI,0.1,0,0.15,0.55,0.35,0.7
Blue Hole Tour Dahab Canyon and Camel Ride from Sharm El Sheikh,0.55,0,0.4,0.95,0,0.75
Private_Full_Day Boat Trip Snorkeling and Island Exploration,0.75,0.55,0.15,1,0,1
Hathor and Abydos Temples - Egypt's Most Complete Temples - Day Trip,0.35,0,0,0.9,1,0
"Turkish Bath Fascinating Therapy, Sauna, Steam bath With transfer-Sharm Elsheikh",0.3,0,0,0.95,0,1
"Package 8 days 7 nights to Pyramids, Luxur & Aswan by Train",0.4,0,0.15,0.45,0.95,0.5
"Day Tour to Giza Pyramids, Sphinx, Sakkara Pyramids and Dahshur Pyramids",0,0,0,0,1,0
"Giza Pyramids Camel Ride, ATV Quad Bike, Dinner Cruise, Shopping",0,0,0,0.5,0.95,0.9
"Fabulous 4-Days Private Tours to Cairo, Alexandria and Luxor by Sitting Train",0,0,0,0.7,0.95,0.55
Star Gazing in hurgahda,0,0,0,0.6,0,0.85
Private Full Day Pyramids of Giza & Sphinx & The Egyptian Museum,0,0,0,0.95,0.85,0.6
Colossi of Memnon Private Tour From Luxor,0,0,0,0,0.95,0
خير زمان  مدكور,0.25,0,0,0,0,0.3
On The Run  النزهه,0,0,0.3,0,0,0
كوره كافيه Koracafe,0,0,0,0,0,0
بن الصالح,0,0,0,0,0,0
Lavazza Caf,0.4,0,0,0,0,0
MOMO Lounge,0,0,0,0,0,0
Central Perk Cafe Alexandria,0,0,0,0,0.25,0
Castello caf  more,0,0,0,0,0,0
Layali Cafe,0,0,0,0,0,0
Elmashrabia Roof Cafe,0.45,0,0,0,0,0.55
Maran Atha Caf,0,0.3,0.45,0,0,0
Freska Cafe,0,0,0,0,0,0
Nile cruise on the Nile with dinner,1,0,0,1,0.1,0.7
Hurghada Catamaran Sailing to Dolphin House with Snorkeling,0.3,0,0,1,0,1
Private Egyptian Food Cooking Class in Giza,1,0,0,1,0,0
Dinner Cruise on the Nile with Middle Eastern Show in Cairo,1,0,0,1,0,0
"Food Tour In Cairo breakfast, lunch or dinner",1,0,0,1,0,0
Local Egyptian Food Tasting and Learning From Cairo,1,0,0,1,0,0
"Orange bay Island Parasailing, Snorkeling with Lunch - Hurghada",0,0,0,1,0,0
Cairo Night club,0,0,0,0,0,0
Small-Group Nile Dinner Cruise and Show in Cairo,1,0,0,1,0,0
"Full Day Hula Hula Island Sea trip, Water Sports, Lunch- Hurghada",1,1,0,1,0,0
Hurghada : ATV Quad With Dinner and Show,1,0,0,1,0,0
Never land shows Sharm El Sheikh,0,0,0,1,0,0
حضر موت سرس,0.8,0,0.1,0.5,0.2,0.3
Golden Fish Restaurant Red Sea fish,0.65,0,0,0.4,0,0.25
Ferrari,0,0,0,0,0,0
SUSHIRITO,0,0,0,0,0,0
Porto Sonu,0,0,0,0,0,0.5
Why not,0,0,0,0,0,0
Pepenero Korba,0,0,0,0,0.65,0
ولي النعم,0.75,0,0,0.25,0,0.15
Mohamed Mounier,0,0,0,0,0,0
Hana Barbecue,0,0,0,0,0,0
Teama,0.6,0,0,0.1,0,0.1
Spectra Restaurant  Cafe,0,0,0,0,0.55,0
Gad Restaurants,0.45,0,0,0.15,0,0
Stella Bazaar,0.8,0,0,0,0,0
ديوان الخليج,0,0,0,0,0,0
Odeon Palace Bar,0,0,0,0,0,0
Saheb El Saada,1,0,0.9,1,0,0
Camping in the White & Black Deserts (Bahariya Oasis) & Cairo Private transfer,0.3,0,0,1,0,0
Quad Bike Trip to Wadi Gunai from Dahab,0.45,0,0,1,0,0
Private_Full_Day Boat Trip Snorkeling and Island Exploration,0,0,0,0,0,0
Half-Day Hurghada Stargazing Tour with Pick-Up,0,0,0,0,0,0
3 Hours Quad Bike Safari Adventure in Marsa Alam,0,0,0,0,0,0
Grand Aquarium Hurghada Amazing Tour With Transfer - Hughada,1,0.5,0,0,1,1
Private Tour Felucca Sailing in the Nile in Cairo,1,0,0,0,0,1
Youth Center Dlhans,0,0,0,0.55,0.4,0
مركز شباب كوم حمادة,0,1,0,1,0.1,1
Dekerness Club,0,1,0,0.5,0.9,0.55
Youth Center Ahmed Orabi,0,1,0,0.5,0.5,0.55
Amazing (4 ) Days with Cruise From Aswan to Luxor Including Tours,1,0,1,0.5,1,0.6
blue,0.65,0,0.75,1,0.8,1
Seasons Country Club,1,1,1,1,1,1
Nile cruise on the Nile with dinner,0.6,0,0,0.35,0,0
Private Egyptian Food Cooking Class in Giza,0.75,0,0,0.1,0,0
"Food Tour In Cairo breakfast, lunch or dinner",0.8,0,0,0.1,0,0
Cairo Night club,0.75,0,0,0.85,0,0
"Full Day Hula Hula Island Sea trip, Water Sports, Lunch- Hurghada",0.85,0,0,1,0,0
Hurghada : ATV Quad With Dinner and Show,0.9,0.45,0,1,0,0.85
Never land shows Sharm El Sheikh,0.9,0,0,1,0,0
Bounce Bowling,0.65,0,0,1,0,0.35
Mansheya Club,0,0.75,0,0.75,0,0
كفر سندوة,0,0,0,0,0,0
إستاد مطاي الرياضي,0,0,0,0,0,0
Youth Football Qashish Center Stadium,0,0,0,0,0,0
Pyramids of Giza: 1-Hour Quad Bike Desert Safari,0,0.85,0,0,0,1
Hurghada El Gouna Quad and MX Bike Safari Tour,1,0.45,0,1,0,1
Luxor Amazing Sunrise Hot Air Balloon Ride,1,0,0,1,0,0.65
Sunrise Safari by ATV Quad Bike and Transfer - Sharm El Sheikh,0,0.1,0,0.45,0,1
Cairo Museum of Egyptian Civilization and Khan Al Khalili,0.7,0,0.75,0,1,0
Horse Riding 1 Hour adventure and ATV Quad Bike Safari Tour - Sharm El Shei...,1,0.45,0,0.55,0,0.45
Parasailing Adventure in Sharm el Sheikh,0,1,0,1,0,1
Hurghada Sea and Mountains Quad or Buggy Family Tour,1,0.65,0,0.6,0,0.6
Hurghada Desert Quad Bike and Buggy Adventure with BBQ,1,0,0,1,0,0.55
Cairo Camel or Horse Ride Tour Around Giza Pyramids,1,0,0,0.4,1,0
From Cairo: Bahariya Oasis and Black and White Desert Tour,1,0,0,1,0,1
"Dahab Canyons, Quad Biking, Jeep & Boat with meals from Sharm",1,0,0,1,0,1
Cairo:Pyramids & ATV & Shopping private tour with Camel ride,0.15,0,0,0,0,0
"FULL DAY TOUR: GIZA PYRAMIDS, SPHINX, SAQQARA & MEMPHIS",0,0,0,0,1,0
Best Felucca Ride on the Nile with Khan El Khalili Bazaar,0.55,0,0,0,1,0
Cairo Private Half Day Islamic Tour with Guide,0.6,0,0,0,0.95,0
Hurghada 3 Hour Camel Riding with Bedouin vibe,0,0,0,0,0,0.5
Cairo 8-Hour Private Full-Day Customised Tour,0.85,0,0,0,0,0
Valley of the Kings Full Day tour in Luxor,0,0,0,0,0.85,0.5
"Giza Plateau, Egyptian Museum, Bazaar Day Tour From Cairo",0,0,0.65,0,0.75,0
Visit Cairo From Sharm El Sheikh by flight,0,0,0,0,0,0.75
Fayoum Qarun Sahara Safari With( ATV ) Quad bike From Cairo,0,0.25,0,0,0,0.85
"Luxor to Aswan, Edfu, and Kom Ombo Tour. All fees included",0,0,0,0,0.8,0.35
4- Hour Private Mosque & Madrasa of Sultan Hassan From Cairo,0,0,0.2,0,0.65,0
Masria Plaza Swimming Pool,1,1,0,1,0,1
2 Night Sailing Nile Cruise Including Highlights Tours In Luxor From Aswan,1,0.1,0.8,0.85,1,0.8
Private_Full_Day Boat Trip Snorkeling and Island Exploration,0.45,0.1,0.1,1,0.4,1
Cleo Park entrance tickets with pick up and snacks,0.65,0.65,0.1,1,0,0.25
Cleo Park entrance tickets,0.6,0,0.75,0.6,1,0.5
Sound and Light Show experience at Philae Temple from Aswan,0.85,0,0.95,1,1,0.5
Makadi Water World tickets with snacks and drinks,0.75,0.65,0,1,0,0.5
Luxor Antiquity Museum entrance ticket,0.8,0,1,0.6,1,0.15
Rai Club Nile Dragon Boat,0.2,0.75,0.2,0.8,0,0
El Dammah Theatre مسرح الضمة,0.45,0.15,0.8,0.75,0,0
مسرح النافورة دار الاوبرا المصرية,0.4,0,0.55,0.75,0,0
Egyptian Center for Culture and Arts  Makan,0.2,0,0.55,0.7,0,0
Salah Eldin Square,0.6,0,0.75,0.6,0.6,0
Pyramids of Egypt,0.65,0,0.9,0.5,1,0.8
ساحة مصر,0.85,0.35,0,0.45,0,0.45
Cursed escape rooms,0,0,0,1,0,1
Alexandria Aquarium,0.7,0,0,0.5,0,0
Red Sea Aquarium,0.75,0,0,0.85,0,0
Saheb El Saada,1,0,0,0.85,0,0.5
Hurghada Grand Aquarium,1,0,0,0.55,0,0
Alexandria night tour with sea food dinner,1,0,0,0.75,0,0.45
"Historic Cairo tour with Al-Muizz Street, Al-Azhar Mosque and Khan El Khalil Bazar",1,0,0,0,1,0.9
Best Private Day Trip To Abu Simbel From Aswan,0,0,1,0,1,1
Thrilling Panorama Semi-Submarine & snorkeling - Hurghada,0,0.85,0,0.5,0.2,0.75
Magawish Island Snorkeling Adventure with Lunch - Hurghada,0,0.4,0,0.75,0.15,0.8
"7-Days Tour Cairo,Aswan,luxor, and Nile Cruise Camel Ride, with Domestic Flights",0.25,0.25,0.4,0.95,0.75,0.75
Sunset Super Moto Safari with Dinner & Show in Marsa Alam,0,0.3,0.7,0.55,0.25,0.9
"Turkish Bath Fascinating Therapy, Sauna, Steam bath With transfer-Sharm Elsheikh",0,0,0,0.45,0,0
Hurghada:Catamaran Conquest 2-Hour Semi-Submarine and Snorkeling,0,0.2,0,0.8,0.25,0.55
White Island Catamaran and Snorkeling Cruise,0.2,1,0.2,1,0,1
"Abu Dabbab Wonder, Snorkeling with Beautiful Turtles - Hurghada",0,0.75,0.45,0.25,0.3,1
Private_Full_Day Boat Trip Snorkeling and Island Exploration,0.65,0.3,0.15,0.45,0,0.4
2 Night Sailing Nile Cruise Including Highlights Tours In Luxor From Aswan,0.2,0.4,0.2,0.75,1,1
Morning Desert Safari Trip By Quad Bike from Marsa Alam,0,1,0,1,0,0.5
Private Speed Boat to Watch Dolphins With private transfer,0,0,0,0.8,0,0
Private_Full_Day Boat Trip Snorkeling and Island Exploration,0.25,0.3,0,1,0,0.8
2 Night Sailing Nile Cruise Including Highlights Tours In Luxor From Aswan,0.55,0,1,0.8,1,0.55
Morning Desert Safari Trip By Quad Bike from Marsa Alam,0,0.65,0,1,0,1
Private Speed Boat to Watch Dolphins With private transfer,0.5,0.75,0,1,0,1
"Abu Dabbab Wonder, Snorkeling with Beautiful Turtles - Hurghada",0.6,0.85,0.65,1,0,1
White Island Catamaran and Snorkeling Cruise,0.6,0.75,0.65,1,0,1
"Turkish Bath Fascinating Therapy, Sauna, Steam bath With transfer-Sharm Elsheikh",0,0,0,1,0,0
Hurghada:Catamaran Conquest 2-Hour Semi-Submarine and Snorkeling,0.9,0,0.65,1,0,1
Thrilling Panorama Semi-Submarine & snorkeling - Hurghada,0.75,0,0.6,1,0,1
Magawish Island Snorkeling Adventure with Lunch - Hurghada,0.4,0.7,0,1,0,1
Sunset Super Moto Safari with Dinner & Show in Marsa Alam,0.3,1,0,1,0,1
"7-Days Tour Cairo,Aswan,luxor, and Nile Cruise Camel Ride, with Domestic Flights",0.6,0,1,1,1,1
Qaitbay Citadel,0.55,0.15,0.5,0.8,0.95,0.35
Pyramids of Egypt,0.85,0.25,0.35,0.45,0.95,0.35
Maadi corniche,0.65,0.3,0.25,0.9,0.15,0.2
Power Gym Smouha Alexandria,0,1,0,0.4,0,0.55
Smart Gym,0,1,0,0.55,0,0.25
GHgym,0,1,0,0.5,0,0.25
Air GYM  SPA,0,1,0,0.3,0,0
White tiger gym,0,1,0,0.3,0,0
نادي بني مزار الرياضي,0,1,0,0,0,0
World Gym Dokki,0,1,0,0.45,0,0
Gym Squad,0,1,0,0.4,0,0
Royal Gym,0,1,0,0.35,0,0
Golds Gym Sheraton,0,1,0,0.45,0,0.45
FITNESS TIME,0,1,0,0.5,0,0.4
Tycoons Fitness Triple F,0,1,0,0.4,0,0.35
Ahimsa Egypt,0,0.8,0.9,0.5,0,0
Mahgoub Ceramic Giza,0.5,0,0.55,0,0,0
مصوغات زمزم,0,0,0.35,0,0,0
Hany Antwan Diamond,0,0,0.35,0,0,0
Sharm El-Sheikh: Cafe & restaurant Included Shisha & drink,0.5,0,0,0.85,0,0.55
Cairo Felucca ride on The Nile River with Meals,0.5,0,0.45,0.6,0,0.25
Cairo Buffet Dinner Cruise with Folkloric Show,0,0,0,0.7,0,0.25
Aswan Felucca Ride on The Nile River with an Egyptian Meal,0,0,0,0.7,0,0.55
Sharm El Sheikh: Guided City Sightseeing Tour,0,0,0.5,0.8,0,0.55
Sharm El Sheikh: Hammam and Spa Visit with Treatments,0,0.4,0.45,0.5,0,0.65
Hurghada Hammam Spa & Massage Experience with Transfers,0,0.5,0.35,0.7,0,0.55
Crepiano,0,0,0,0,0,0
GrecoRoman Museum,0.4,0,0.45,0.5,1,0
Kom el Dikka,0.35,0,0,0.45,1,0.4
Kom ElNadura,0.3,0,0,0.7,1,0
Nubian Museum,0.3,0,0,0.65,1,0
Fatimid Cemetery,0.45,0,0.4,0.6,1,0
Kobet afendina,0.4,0,0.3,0.65,1,0
Monument to the Unknown Soldier,0.35,0,0.4,0.6,1,0.35
Mummification Museum,0.4,0,0.4,0.5,1,0.4
Giza Necropolis,0.35,0,0.3,0.6,1,0.4
Luxor Museum,0.35,0,0.4,0.65,1,0.3
Luxor Temple,0.35,0,0.25,0.6,1,0.4
Alexandria National Museum,0.45,0,0.35,0.55,1,0
Opal club,0,0,0,1,0,0.3
OMNI club cairo,0,0,0,1,0,0.4
Elements Club  Lounge,0,0,0,1,0,0
Cairo Jazz Club,0,0,0,1,0,0
Jacks Club,0,0,0,1,0,0
Peacock Club ديسكو بي كوك,0,0,0,1,0,0
نادى التجديف,0,0,0,1,0,0
Spade Lounge,0,0,0,1,0,0
Topaz Luxury Club,0,0,0,1,0,0
Undergroud Disco,0,0,0,1,0,0
SPINE Cairo,0,0,0,1,0,0
Xo Club Nightclub Cairo,0,0,0,1,0,0
Ras Mohamed Snorkeling Full Day Sea Trip by Boat with Lunch - Sharm ElSheik...,0,0,0,0,0,0
Full Day Safari Quad Bike with Bedouin Dinner & Show in Sharm El Sheikh,0,0.9,0,0,0.55,0.55
Aswan Day Trip to Nubian Village with Camel Tour,0,0,0,0.9,0.9,0.9
5in1 Safari Quad Biking Camel Dinner and Stargazing in Sharm,0,0.95,0,0.9,0,0.9
Eilat Mountains: Sunset Jeep Adventure to Mount Joash,0,0,0,1,0,1
Papas Bar Hambra,0,0,0,1,0,0
Lucas Pub  Grub,1,0,0.4,1,0,0
Hooliganseg,0,0,0,1,0,0
Club 7  Maadi,1,1,0,0.5,0,0
sohag sports club,1,1,0,1,0,0
مركز شباب ابيس العاشرة,0.5,1,0.5,1,0,0
HOOK GYM,0,1,0,0,0,0
Town GYM,0,1,0,0,0,0
Aswan Sporting Club,1,1,1,1,0,0
4ma Gym فورما جيم,0,1,0,0,0,0
Youth Center Village Eateries,0,1,0,1,0,0
2BFIT GYM,0,1,0,0,0,0
Deroo gym Fitness Club,0,1,0,0,0,0
Life Gym,0,1,0,0,0,0
Alexandria Sporting Club,1,1,1,1,0.5,0
Smouha Sporting Club,1,1,1,0.6,0,0
قاعة حورس VIP,1,0,0,1,0,0
Yacht Club of Egypt,1,0,0,0,0,0
Maadi Yacht Club,1,0,0,0,0,0
Sports arena beach,1,0,0.4,0.75,0,0
Shooting Club Dokki,1,1,0.5,1,0,1
"Luxor to Aswan, Edfu, and Kom Ombo Tour. All fees included",0.3,0.25,0.65,0.4,1,1
4- Hour Private Mosque & Madrasa of Sultan Hassan From Cairo,0,0,0,0,0,0
ATV Quad Bike Ride At GIZA Pyramids & BBQ Dinner.,0,0,0,0,0,0
Cairo 8-Hour Private Full-Day Customised Tour,0,0,0,0,0,0.4
"Cairo Pyramids, Sakkara & Memphis Private Tour with Lunch",0,0,0,0,0,0
Cairo Alexandria Guided Day Trip with Catacombs and Lunch,0,0,0,0,0,0
Hurghada 3 Hour Camel Riding with Bedouin vibe,0,0,0,0,0,0
Valley of the Kings Full Day tour in Luxor,0,0.7,0,0,0,0
Cairo:Pyramids & ATV & Shopping private tour with Camel ride,0,0,0,0,0,0
Cairo Private Half Day Islamic Tour with Guide,0,0,0,0,0,0
"FULL DAY TOUR: GIZA PYRAMIDS, SPHINX, SAQQARA & MEMPHIS",0,0,0,0,0,0
Best Felucca Ride on the Nile with Khan El Khalili Bazaar,0,0,0,0,0,0
Coptic Orthodox Center المركز الثقافي القبطي الأرثوذكسي,0.3,0,0.5,0.25,0.8,0
El Sawy Culture Wheel,0.6,0,0.2,0.8,0.2,0.2
نادى الأبطال ببور سعيد,0.7,0.9,0.4,0.8,0.3,0.6
Ramsis Square,0.4,0,0.3,0.4,0.9,0.3
Mahmoud Mukhtar Museum,0.6,0,0.7,0.6,0.9,0.2
Ahmed Orabi Museum,0.5,0,0.6,0.4,0.8,0.2
Beshtak Palace,0.6,0,0.7,0.6,1,0.2
National Institute For Oceanography  Fisheries,0.5,0,0.9,0.6,0.8,0.2
قرة قول اللبان القديم بيت ريا وسكينة حارة ماكوريس والنجاة,0.5,0,0.7,0.6,1,0.4
Ahmed Shawky Museum,0.5,0,1,0.6,1,0.2
Umm Kulthum Museum,0.5,0,1,0.6,1,0.2
Aswan Museum,0.5,0,1,0.55,1,0.2
جاليري حيفا,0.15,0.15,0.6,0.95,0.45,0.15
Nubian Museum,0.8,0,0.55,0.6,0,0
Luxor Museum,1,0,0.45,0.95,0,0
Luxor Temple,0.85,0,0.55,1,0,0
Mummification Museum,0.95,0,0,0.45,1,0
Private Tour Giza Pyramids Sphinx Lunch Camel and Pyramid Inside,1,0,0.75,0,1,0.5
Private Shopping Tour in Cairo,0,0,0,0,0,0
Giza Necropolis,0.65,0,0,0.7,0.7,0
قاعة حورس VIP,0.85,0,0,0,0,0
Yacht Club of Egypt,0.85,0,0,0.9,0,0.35
Hurghada Marina,0,0,0,0,0,0
Mohamed azab,0,0,0,0,0,0
Barber House صالون حلاقة,0,0,0,0,0,0
Homam  barber فرع سموحة,0,0,0,0,0,0
MohamedRamy Barbershop,0,0,0,0,0,0
فتحي الصغير صالون,0,0,0,0,0,0
Shads Mens Salon,0,0,0,0,0,0
المركز الدولي للصيد والغطس,0.5,0.3,0,0.6,0,0.65
نادى الأبطال ببور سعيد,1,0.4,0,1,0,0.2
Mahmoud Mukhtar Museum,0.9,0,1,0.85,0.85,0
Hurghada Museum,1,0,0.9,1,0.8,0
National Institute For Oceanography  Fisheries,1,0,0.25,0.75,1,0
Beshtak Palace,1,0,0.5,0.95,1,0
قرة قول اللبان القديم بيت ريا وسكينة حارة ماكوريس والنجاة,0.6,0,0,0.75,1,0.35
Ahmed Shawky Museum,1,0,0.95,0.75,1,0
Aswan Museum,1,0,1,0.95,1,0.15
Umm Kulthum Museum,1,0,1,0.9,0.45,0
Manasterly Palace,1,0,1,0.95,1,0
متحف سوهاج القومي  Sohag National Museum,1,0,0.9,0.55,0.8,0
Cavafy Museum,1,0,0.95,0.35,0.5,0
Kom ElNadura,0.25,0,0.45,0,1,0.25
Nubian Museum,0,0,0.5,0,1,0.25
Luxor Temple,0,0,0.5,0,0.95,0.3
Luxor Museum,0,0.35,0,0,1,0.35
Giza Necropolis,0,0.3,0,0.5,1,0.4
Half-Day Hurghada Stargazing Tour with Pick-Up,0,0,1,1,0,1
Private Tour Felucca Sailing in the Nile in Cairo,0,0,0,1,1,1
Cairo Jazz Club,0.15,0,0,0.75,0,0.7
Island Grill كافيه ايلاند,0.3,0.1,0.1,0.4,0.05,0.05
Cairo: Nile Dinner Cruise with Belly Dancer Show with Pickup,0.05,0,0.15,0.75,0,0.1
Cairo: Luxury Dinner Cruise On The Nile River,0.35,0.1,0.05,0.8,0.25,0.1
Package 7 Days 6 Nights to Egypt and Jordan Tour - Private Tours,0.55,0.15,0.25,0.75,0.75,0.65
"Giza pyramids, Sphinx, ATV bike, Lunch,Camel ride, Dinner cruise& shopping ...",0.5,0.25,0.25,0.95,0.7,0.6
"Pyramids, The Museum, Nile lunch cruise and Sound & Light Show-Private Tour",0.85,0.1,0.35,0.75,0.95,0.45
Private Overnight Tour to Luxor from Cairo by VIP Train,0.2,0.05,0.05,0.95,0.25,0.5
Camping in the White & Black Deserts (Bahariya Oasis) & Cairo Private transfer,0.3,0.35,0.2,0.9,0.65,0.95
ATV Quad Bike With Camel Ride & Echo Caves â Sharm El Sheikh,0.3,0.6,0.25,0.75,0.6,0.9
"Desert Safari - Baharia Oasis, White desert, and Black desert Tour",0.45,0.2,0.1,0.85,0.75,0.8
"El Fayoum, Wadi El-Hitan & Wadi El-Rayan Day Trip from Cairo",0.6,0.2,0.2,0.5,1,0.9
"4 Days Safari Camping Bahariya Oasis, Black and White Desert",0.65,0.1,0.25,0.5,0.8,0.9
Enjoy Sailing Nile Cruise From Aswan To Luxor For 2 nights With Luxor Tours,0.6,0.1,0.15,0.45,0.4,0.8
Homam  barber فرع سموحة,0.15,0,0.1,0,0,0
Ehab Barbers Shop,0.15,0,0,0,0,0
Jacobs,0.2,0,0.05,0,0,0
HB salon,0.15,0,0.2,0,0,0
Hika salon barber shop,0.2,0,0,0,0,0
فتحي الصغير صالون,0.15,0,0,0,0,0
Mekkaawy barber shop,0.05,0,0,0,0,0
MohamedRamy Barbershop,0.15,0,0,0,0,0
Salon Mahmoud Elkassar,0.15,0,0,0,0,0
Francois,0.1,0,0.1,0,0,0
El Captain Salon,0.15,0,0.1,0,0,0
Mohamed azab,0.1,0,0.15,0,0,0
ElRegina Club Nile Tower,0,0,0,1,0,0
STAGE Cairo club  ديسكو ستيدج,0,0,0,1,0,0
B2 clublounge,0,0,0,1,0,0
Night life,0,0,0,1,0,0
Papas Club,0,0,0,1,0,0
Undergroud Disco,0,0,0,1,0,0
Night club Disco Khalijy and after party,0,0,0,1,0,0
Jacks Club,0,0,0,1,0,0
كورنيش بنها الفلل,0,0,0,0,0,0
Nobles Art Gallery,0.45,0,0.95,0.75,0.15,0.25
